"ID","prob"
8010,0.6
8011,0.796
8012,0.384
8013,0.528
8014,0.312
8015,0.452
8016,0.494
8017,0.502
8018,0.36
8019,0.518
8020,0.654
8021,0.69
8022,0.406
8023,0.524
8024,0.582
8025,0.692
8026,0.618
8027,0.648
8028,0.532
8029,0.384
8030,0.538
8031,0.472
8032,0.562
8033,0.422
8034,0.702
8035,0.512
8036,0.592
8037,0.552
8038,0.446
8039,0.326
8040,0.578
8041,0.596
8042,0.386
8043,0.454
8044,0.658
8045,0.574
8046,0.356
8047,0.37
8048,0.55
8049,0.482
8050,0.906
8051,0.328
8052,0.394
8053,0.46
8054,0.578
8055,0.398
8056,0.346
8057,0.53
8058,0.386
8059,0.558
8060,0.384
8061,0.45
8062,0.484
8063,0.466
8064,0.208
8065,0.338
8066,0.632
8067,0.424
8068,0.574
8069,0.424
8070,0.536
8071,0.474
8072,0.494
8073,0.57
8074,0.354
8075,0.394
8076,0.366
8077,0.382
8078,0.314
8079,0.406
8080,0.536
8081,0.57
8082,0.392
8083,0.378
8084,0.478
8085,0.516
8086,0.506
8087,0.616
8088,0.246
8089,0.516
8090,0.442
8091,0.586
8092,0.478
8093,0.408
8094,0.514
8095,0.468
8096,0.54
8097,0.532
8098,0.46
8099,0.526
8100,0.508
8101,0.3
8102,0.37
8103,0.42
8104,0.456
8105,0.442
8106,0.436
8107,0.576
8108,0.432
8109,0.538
8110,0.566
8111,0.3
8112,0.478
8113,0.46
8114,0.642
8115,0.574
8116,0.6
8117,0.476
8118,0.226
8119,0.458
8120,0.436
8121,0.352
8122,0.438
8123,0.47
8124,0.506
8125,0.34
8126,0.472
8127,0.382
8128,0.506
8129,0.486
8130,0.326
8131,0.452
8132,0.5
8133,0.538
8134,0.512
8135,0.366
8136,0.376
8137,0.378
8138,0.32
8139,0.552
8140,0.526
8141,0.396
8142,0.472
8143,0.588
8144,0.396
8145,0.442
8146,0.51
8147,0.566
8148,0.52
8149,0.316
8150,0.45
8151,0.5
8152,0.404
8153,0.494
8154,0.57
8155,0.468
8156,0.488
8157,0.512
8158,0.31
8159,0.542
8160,0.41
8161,0.444
8162,0.526
8163,0.456
8164,0.42
8165,0.302
8166,0.45
8167,0.372
8168,0.444
8169,0.53
8170,0.456
8171,0.354
8172,0.326
8173,0.33
8174,0.294
8175,0.348
8176,0.432
8177,0.246
8178,0.53
8179,0.512
8180,0.486
8181,0.348
8182,0.396
8183,0.316
8184,0.494
8185,0.27
8186,0.454
8187,0.4
8188,0.332
8189,0.39
8190,0.54
8191,0.478
8192,0.4
8193,0.528
8194,0.36
8195,0.612
8196,0.382
8197,0.454
8198,0.3
8199,0.534
8200,0.472
8201,0.346
8202,0.39
8203,0.356
8204,0.53
8205,0.408
8206,0.578
8207,0.342
8208,0.544
8209,0.392
8210,0.406
8211,0.44
8212,0.428
8213,0.302
8214,0.346
8215,0.358
8216,0.386
8217,0.508
8218,0.752
8219,0.422
8220,0.718
8221,0.436
8222,0.404
8223,0.422
8224,0.352
8225,0.498
8226,0.55
8227,0.464
8228,0.28
8229,0.372
8230,0.36
8231,0.522
8232,0.328
8233,0.564
8234,0.25
8235,0.546
8236,0.452
8237,0.456
8238,0.422
8239,0.614
8240,0.588
8241,0.362
8242,0.372
8243,0.476
8244,0.504
8245,0.26
8246,0.186
8247,0.556
8248,0.424
8249,0.412
8250,0.376
8251,0.246
8252,0.338
8253,0.478
8254,0.478
8255,0.43
8256,0.55
8257,0.628
8258,0.654
8259,0.592
8260,0.702
8261,0.32
8262,0.486
8263,0.656
8264,0.448
8265,0.586
8266,0.358
8267,0.604
8268,0.61
8269,0.504
8270,0.544
8271,0.594
8272,0.586
8273,0.6
8274,0.498
8275,0.292
8276,0.418
8277,0.356
8278,0.458
8279,0.526
8280,0.5
8281,0.58
8282,0.438
8283,0.612
8284,0.408
8285,0.406
8286,0.362
8287,0.514
8288,0.434
8289,0.55
8290,0.474
8291,0.48
8292,0.458
8293,0.418
8294,0.53
8295,0.292
8296,0.286
8297,0.57
8298,0.354
8299,0.408
8300,0.444
8301,0.362
8302,0.56
8303,0.534
8304,0.498
8305,0.34
8306,0.5
8307,0.48
8308,0.49
8309,0.68
8310,0.434
8311,0.444
8312,0.302
8313,0.628
8314,0.63
8315,0.524
8316,0.488
8317,0.46
8318,0.588
8319,0.48
8320,0.514
8321,0.432
8322,0.586
8323,0.548
8324,0.712
8325,0.512
8326,0.464
8327,0.452
8328,0.594
8329,0.738
8330,0.592
8331,0.304
8332,0.492
8333,0.546
8334,0.572
8335,0.456
8336,0.508
8337,0.638
8338,0.416
8339,0.48
8340,0.432
8341,0.332
8342,0.546
8343,0.426
8344,0.52
8345,0.322
8346,0.614
8347,0.488
8348,0.294
8349,0.208
8350,0.348
8351,0.408
8352,0.37
8353,0.584
8354,0.27
8355,0.248
8356,0.514
8357,0.632
8358,0.414
8359,0.54
8360,0.526
8361,0.598
8362,0.56
8363,0.322
8364,0.604
8365,0.236
8366,0.54
8367,0.354
8368,0.402
8369,0.402
8370,0.414
8371,0.496
8372,0.494
8373,0.362
8374,0.484
8375,0.386
8376,0.448
8377,0.472
8378,0.282
8379,0.598
8380,0.322
8381,0.508
8382,0.284
8383,0.402
8384,0.426
8385,0.512
8386,0.646
8387,0.494
8388,0.346
8389,0.442
8390,0.344
8391,0.386
8392,0.416
8393,0.56
8394,0.514
8395,0.424
8396,0.296
8397,0.372
8398,0.352
8399,0.612
8400,0.508
8401,0.422
8402,0.458
8403,0.36
8404,0.254
8405,0.386
8406,0.498
8407,0.424
8408,0.51
8409,0.4
8410,0.39
8411,0.564
8412,0.382
8413,0.446
8414,0.378
8415,0.352
8416,0.202
8417,0.276
8418,0.35
8419,0.436
8420,0.364
8421,0.538
8422,0.358
8423,0.476
8424,0.35
8425,0.544
8426,0.404
8427,0.462
8428,0.462
8429,0.25
8430,0.416
8431,0.346
8432,0.446
8433,0.324
8434,0.476
8435,0.294
8436,0.39
8437,0.518
8438,0.588
8439,0.428
8440,0.254
8441,0.322
8442,0.342
8443,0.568
8444,0.534
8445,0.65
8446,0.306
8447,0.402
8448,0.474
8449,0.508
8450,0.69
8451,0.534
8452,0.36
8453,0.392
8454,0.448
8455,0.304
8456,0.384
8457,0.506
8458,0.522
8459,0.41
8460,0.568
8461,0.436
8462,0.516
8463,0.304
8464,0.284
8465,0.516
8466,0.334
8467,0.446
8468,0.386
8469,0.308
8470,0.312
8471,0.37
8472,0.494
8473,0.39
8474,0.488
8475,0.32
8476,0.394
8477,0.446
8478,0.434
8479,0.416
8480,0.61
8481,0.53
8482,0.512
8483,0.404
8484,0.398
8485,0.514
8486,0.558
8487,0.294
8488,0.426
8489,0.436
8490,0.388
8491,0.404
8492,0.398
8493,0.23
8494,0.496
8495,0.57
8496,0.572
8497,0.444
8498,0.418
8499,0.534
8500,0.488
8501,0.454
8502,0.492
8503,0.536
8504,0.474
8505,0.41
8506,0.53
8507,0.324
8508,0.35
8509,0.47
8510,0.496
8511,0.586
8512,0.388
8513,0.51
8514,0.45
8515,0.37
8516,0.43
8517,0.382
8518,0.234
8519,0.54
8520,0.556
8521,0.712
8522,0.518
8523,0.508
8524,0.33
8525,0.402
8526,0.328
8527,0.442
8528,0.536
8529,0.628
8530,0.328
8531,0.42
8532,0.476
8533,0.438
8534,0.444
8535,0.212
8536,0.444
8537,0.334
8538,0.388
8539,0.568
8540,0.452
8541,0.378
8542,0.29
8543,0.536
8544,0.526
8545,0.494
8546,0.464
8547,0.422
8548,0.352
8549,0.438
8550,0.45
8551,0.596
8552,0.504
8553,0.732
8554,0.422
8555,0.64
8556,0.622
8557,0.362
8558,0.51
8559,0.4
8560,0.61
8561,0.712
8562,0.668
8563,0.414
8564,0.342
8565,0.612
8566,0.488
8567,0.498
8568,0.344
8569,0.35
8570,0.346
8571,0.408
8572,0.47
8573,0.492
8574,0.394
8575,0.344
8576,0.452
8577,0.39
8578,0.47
8579,0.406
8580,0.288
8581,0.454
8582,0.382
8583,0.52
8584,0.31
8585,0.334
8586,0.528
8587,0.572
8588,0.496
8589,0.35
8590,0.354
8591,0.344
8592,0.398
8593,0.596
8594,0.41
8595,0.56
8596,0.528
8597,0.416
8598,0.544
8599,0.368
8600,0.396
8601,0.3
8602,0.466
8603,0.496
8604,0.6
8605,0.374
8606,0.54
8607,0.698
8608,0.286
8609,0.476
8610,0.52
8611,0.416
8612,0.62
8613,0.498
8614,0.37
8615,0.578
8616,0.304
8617,0.572
8618,0.564
8619,0.624
8620,0.42
8621,0.472
8622,0.57
8623,0.36
8624,0.546
8625,0.46
8626,0.642
8627,0.474
8628,0.46
8629,0.294
8630,0.528
8631,0.54
8632,0.69
8633,0.548
8634,0.386
8635,0.394
8636,0.54
8637,0.614
8638,0.752
8639,0.68
8640,0.534
8641,0.386
8642,0.462
8643,0.43
8644,0.366
8645,0.502
8646,0.538
8647,0.32
8648,0.442
8649,0.542
8650,0.562
8651,0.586
8652,0.462
8653,0.468
8654,0.574
8655,0.66
8656,0.524
8657,0.598
8658,0.61
8659,0.25
8660,0.478
8661,0.554
8662,0.55
8663,0.692
8664,0.32
8665,0.406
8666,0.422
8667,0.502
8668,0.528
8669,0.438
8670,0.536
8671,0.484
8672,0.468
8673,0.496
8674,0.426
8675,0.332
8676,0.568
8677,0.468
8678,0.508
8679,0.58
8680,0.496
8681,0.232
8682,0.406
8683,0.432
8684,0.53
8685,0.312
8686,0.274
8687,0.372
8688,0.378
8689,0.538
8690,0.448
8691,0.52
8692,0.342
8693,0.582
8694,0.398
8695,0.424
8696,0.392
8697,0.414
8698,0.314
8699,0.516
8700,0.574
8701,0.382
8702,0.594
8703,0.546
8704,0.506
8705,0.4
8706,0.322
8707,0.614
8708,0.508
8709,0.508
8710,0.538
8711,0.39
8712,0.43
8713,0.42
8714,0.476
8715,0.482
8716,0.546
8717,0.504
8718,0.568
8719,0.394
8720,0.418
8721,0.444
8722,0.498
8723,0.36
8724,0.526
8725,0.354
8726,0.198
8727,0.366
8728,0.392
8729,0.36
8730,0.5
8731,0.566
8732,0.63
8733,0.508
8734,0.364
8735,0.334
8736,0.428
8737,0.462
8738,0.492
8739,0.524
8740,0.51
8741,0.424
8742,0.354
8743,0.366
8744,0.41
8745,0.462
8746,0.412
8747,0.502
8748,0.454
8749,0.462
8750,0.44
8751,0.486
8752,0.424
8753,0.512
8754,0.382
8755,0.508
8756,0.53
8757,0.394
8758,0.404
8759,0.474
8760,0.308
8761,0.396
8762,0.574
8763,0.434
8764,0.492
8765,0.426
8766,0.316
8767,0.544
8768,0.508
8769,0.484
8770,0.492
8771,0.468
8772,0.466
8773,0.494
8774,0.442
8775,0.274
8776,0.602
8777,0.274
8778,0.434
8779,0.468
8780,0.482
8781,0.552
8782,0.54
8783,0.422
8784,0.564
8785,0.664
8786,0.394
8787,0.296
8788,0.428
8789,0.378
8790,0.5
8791,0.456
8792,0.462
8793,0.414
8794,0.3
8795,0.56
8796,0.512
8797,0.374
8798,0.446
8799,0.534
8800,0.416
8801,0.38
8802,0.324
8803,0.394
8804,0.3
8805,0.534
8806,0.474
8807,0.61
8808,0.612
8809,0.428
8810,0.416
8811,0.406
8812,0.33
8813,0.474
8814,0.648
8815,0.29
8816,0.384
8817,0.354
8818,0.612
8819,0.528
8820,0.572
8821,0.304
8822,0.542
8823,0.5
8824,0.376
8825,0.598
8826,0.53
8827,0.534
8828,0.48
8829,0.704
8830,0.704
8831,0.622
8832,0.514
8833,0.59
8834,0.422
8835,0.572
8836,0.612
8837,0.618
8838,0.588
8839,0.446
8840,0.534
8841,0.632
8842,0.426
8843,0.316
8844,0.566
8845,0.604
8846,0.312
8847,0.434
8848,0.636
8849,0.504
8850,0.516
8851,0.454
8852,0.386
8853,0.454
8854,0.504
8855,0.306
8856,0.572
8857,0.472
8858,0.516
8859,0.46
8860,0.634
8861,0.264
8862,0.588
8863,0.29
8864,0.506
8865,0.446
8866,0.574
8867,0.65
8868,0.568
8869,0.536
8870,0.618
8871,0.494
8872,0.46
8873,0.672
8874,0.386
8875,0.652
8876,0.77
8877,0.592
8878,0.602
8879,0.546
8880,0.346
8881,0.462
8882,0.36
8883,0.326
8884,0.44
8885,0.456
8886,0.448
8887,0.386
8888,0.63
8889,0.43
8890,0.446
8891,0.526
8892,0.53
8893,0.484
8894,0.522
8895,0.318
8896,0.616
8897,0.408
8898,0.478
8899,0.404
8900,0.362
8901,0.426
8902,0.564
8903,0.436
8904,0.664
8905,0.52
8906,0.532
8907,0.514
8908,0.55
8909,0.414
8910,0.402
8911,0.55
8912,0.426
8913,0.544
8914,0.368
8915,0.454
8916,0.59
8917,0.552
8918,0.288
8919,0.7
8920,0.608
8921,0.372
8922,0.396
8923,0.54
8924,0.262
8925,0.498
8926,0.592
8927,0.554
8928,0.914
8929,0.504
8930,0.488
8931,0.598
8932,0.572
8933,0.262
8934,0.87
8935,0.654
8936,0.588
8937,0.538
8938,0.6
8939,0.75
8940,0.392
8941,0.37
8942,0.436
8943,0.428
8944,0.414
8945,0.562
8946,0.356
8947,0.384
8948,0.376
8949,0.37
8950,0.532
8951,0.362
8952,0.544
8953,0.632
8954,0.256
8955,0.458
8956,0.416
8957,0.372
8958,0.35
8959,0.338
8960,0.414
8961,0.558
8962,0.426
8963,0.424
8964,0.392
8965,0.382
8966,0.294
8967,0.484
8968,0.288
8969,0.338
8970,0.428
8971,0.274
8972,0.562
8973,0.368
8974,0.386
8975,0.422
8976,0.414
8977,0.498
8978,0.402
8979,0.528
8980,0.418
8981,0.56
8982,0.358
8983,0.508
8984,0.458
8985,0.328
8986,0.372
8987,0.464
8988,0.232
8989,0.528
8990,0.326
8991,0.364
8992,0.484
8993,0.51
8994,0.53
8995,0.42
8996,0.488
8997,0.492
8998,0.246
8999,0.42
9000,0.36
9001,0.58
9002,0.408
9003,0.398
9004,0.456
9005,0.288
9006,0.668
9007,0.354
9008,0.554
9009,0.338
9010,0.422
9011,0.378
9012,0.61
9013,0.57
9014,0.716
9015,0.508
9016,0.544
9017,0.534
9018,0.426
9019,0.4
9020,0.572
9021,0.354
9022,0.384
9023,0.364
9024,0.374
9025,0.508
9026,0.416
9027,0.462
9028,0.378
9029,0.398
9030,0.466
9031,0.418
9032,0.55
9033,0.458
9034,0.438
9035,0.428
9036,0.606
9037,0.402
9038,0.478
9039,0.466
9040,0.528
9041,0.498
9042,0.562
9043,0.52
9044,0.466
9045,0.562
9046,0.418
9047,0.4
9048,0.394
9049,0.564
9050,0.538
9051,0.372
9052,0.31
9053,0.488
9054,0.506
9055,0.492
9056,0.466
9057,0.402
9058,0.43
9059,0.546
9060,0.306
9061,0.442
9062,0.45
9063,0.356
9064,0.404
9065,0.38
9066,0.47
9067,0.626
9068,0.412
9069,0.388
9070,0.432
9071,0.354
9072,0.358
9073,0.488
9074,0.61
9075,0.49
9076,0.66
9077,0.436
9078,0.56
9079,0.452
9080,0.418
9081,0.512
9082,0.474
9083,0.444
9084,0.398
9085,0.31
9086,0.608
9087,0.416
9088,0.5
9089,0.344
9090,0.466
9091,0.524
9092,0.574
9093,0.44
9094,0.576
9095,0.324
9096,0.552
9097,0.642
9098,0.438
9099,0.524
9100,0.652
9101,0.496
9102,0.552
9103,0.682
9104,0.374
9105,0.416
9106,0.444
9107,0.566
9108,0.494
9109,0.344
9110,0.388
9111,0.39
9112,0.334
9113,0.38
9114,0.72
9115,0.502
9116,0.538
9117,0.546
9118,0.378
9119,0.436
9120,0.436
9121,0.342
9122,0.438
9123,0.492
9124,0.49
9125,0.618
9126,0.306
9127,0.464
9128,0.436
9129,0.43
9130,0.39
9131,0.388
9132,0.342
9133,0.448
9134,0.412
9135,0.582
9136,0.362
9137,0.388
9138,0.566
9139,0.516
9140,0.736
9141,0.448
9142,0.572
9143,0.68
9144,0.864
9145,0.466
9146,0.35
9147,0.696
9148,0.44
9149,0.864
9150,0.45
9151,0.436
9152,0.47
9153,0.452
9154,0.564
9155,0.492
9156,0.55
9157,0.574
9158,0.724
9159,0.308
9160,0.432
9161,0.628
9162,0.546
9163,0.578
9164,0.492
9165,0.424
9166,0.49
9167,0.632
9168,0.662
9169,0.608
9170,0.342
9171,0.538
9172,0.276
9173,0.414
9174,0.346
9175,0.43
9176,0.528
9177,0.304
9178,0.936
9179,0.528
9180,0.632
9181,0.436
9182,0.502
9183,0.624
9184,0.394
9185,0.644
9186,0.488
9187,0.446
9188,0.328
9189,0.4
9190,0.508
9191,0.484
9192,0.426
9193,0.548
9194,0.432
9195,0.44
9196,0.522
9197,0.446
9198,0.536
9199,0.376
9200,0.448
9201,0.376
9202,0.298
9203,0.404
9204,0.39
9205,0.312
9206,0.556
9207,0.656
9208,0.462
9209,0.536
9210,0.406
9211,0.446
9212,0.328
9213,0.42
9214,0.556
9215,0.386
9216,0.524
9217,0.406
9218,0.426
9219,0.286
9220,0.376
9221,0.498
9222,0.52
9223,0.462
9224,0.49
9225,0.442
9226,0.46
9227,0.504
9228,0.396
9229,0.45
9230,0.648
9231,0.406
9232,0.524
9233,0.616
9234,0.498
9235,0.432
9236,0.534
9237,0.312
9238,0.41
9239,0.472
9240,0.374
9241,0.476
9242,0.54
9243,0.426
9244,0.404
9245,0.414
9246,0.648
9247,0.474
9248,0.518
9249,0.36
9250,0.58
9251,0.296
9252,0.572
9253,0.388
9254,0.312
9255,0.47
9256,0.344
9257,0.45
9258,0.462
9259,0.422
9260,0.442
9261,0.542
9262,0.55
9263,0.48
9264,0.282
9265,0.458
9266,0.414
9267,0.442
9268,0.408
9269,0.588
9270,0.44
9271,0.372
9272,0.342
9273,0.412
9274,0.316
9275,0.526
9276,0.446
9277,0.522
9278,0.464
9279,0.36
9280,0.322
9281,0.722
9282,0.368
9283,0.31
9284,0.43
9285,0.438
9286,0.566
9287,0.488
9288,0.414
9289,0.596
9290,0.634
9291,0.486
9292,0.342
9293,0.338
9294,0.544
9295,0.286
9296,0.59
9297,0.446
9298,0.352
9299,0.432
9300,0.386
9301,0.35
9302,0.294
9303,0.442
9304,0.532
9305,0.48
9306,0.408
9307,0.442
9308,0.458
9309,0.392
9310,0.368
9311,0.268
9312,0.48
9313,0.514
9314,0.408
9315,0.614
9316,0.502
9317,0.406
9318,0.552
9319,0.488
9320,0.306
9321,0.41
9322,0.288
9323,0.572
9324,0.56
9325,0.416
9326,0.53
9327,0.526
9328,0.422
9329,0.472
9330,0.53
9331,0.652
9332,0.418
9333,0.538
9334,0.38
9335,0.438
9336,0.504
9337,0.546
9338,0.506
9339,0.394
9340,0.332
9341,0.352
9342,0.398
9343,0.362
9344,0.266
9345,0.446
9346,0.354
9347,0.36
9348,0.354
9349,0.318
9350,0.476
9351,0.332
9352,0.618
9353,0.558
9354,0.408
9355,0.576
9356,0.728
9357,0.394
9358,0.344
9359,0.444
9360,0.362
9361,0.582
9362,0.66
9363,0.492
9364,0.496
9365,0.492
9366,0.486
9367,0.484
9368,0.55
9369,0.57
9370,0.462
9371,0.414
9372,0.422
9373,0.41
9374,0.328
9375,0.428
9376,0.448
9377,0.346
9378,0.568
9379,0.574
9380,0.426
9381,0.384
9382,0.51
9383,0.33
9384,0.472
9385,0.31
9386,0.372
9387,0.668
9388,0.376
9389,0.474
9390,0.392
9391,0.358
9392,0.392
9393,0.422
9394,0.52
9395,0.284
9396,0.484
9397,0.63
9398,0.564
9399,0.51
9400,0.5
9401,0.62
9402,0.578
9403,0.626
9404,0.646
9405,0.342
9406,0.51
9407,0.494
9408,0.616
9409,0.548
9410,0.554
9411,0.524
9412,0.468
9413,0.354
9414,0.674
9415,0.576
9416,0.43
9417,0.488
9418,0.508
9419,0.572
9420,0.488
9421,0.552
9422,0.738
9423,0.63
9424,0.68
9425,0.618
9426,0.632
9427,0.456
9428,0.476
9429,0.602
9430,0.434
9431,0.48
9432,0.512
9433,0.48
9434,0.552
9435,0.792
9436,0.378
9437,0.448
9438,0.692
9439,0.678
9440,0.506
9441,0.33
9442,0.578
9443,0.584
9444,0.614
9445,0.41
9446,0.446
9447,0.306
9448,0.368
9449,0.486
9450,0.508
9451,0.682
9452,0.558
9453,0.482
9454,0.432
9455,0.45
9456,0.54
9457,0.564
9458,0.484
9459,0.4
9460,0.458
9461,0.426
9462,0.422
9463,0.516
9464,0.422
9465,0.524
9466,0.54
9467,0.354
9468,0.342
9469,0.486
9470,0.634
9471,0.544
9472,0.312
9473,0.35
9474,0.332
9475,0.348
9476,0.452
9477,0.396
9478,0.482
9479,0.406
9480,0.344
9481,0.514
9482,0.406
9483,0.404
9484,0.562
9485,0.476
9486,0.302
9487,0.302
9488,0.42
9489,0.486
9490,0.496
9491,0.26
9492,0.28
9493,0.346
9494,0.338
9495,0.448
9496,0.426
9497,0.554
9498,0.268
9499,0.546
9500,0.47
9501,0.384
9502,0.286
9503,0.468
9504,0.38
9505,0.548
9506,0.486
9507,0.406
9508,0.468
9509,0.3
9510,0.306
9511,0.312
9512,0.528
9513,0.38
9514,0.462
9515,0.476
9516,0.478
9517,0.472
9518,0.314
9519,0.468
9520,0.22
9521,0.222
9522,0.4
9523,0.372
9524,0.478
9525,0.456
9526,0.538
9527,0.396
9528,0.436
9529,0.6
9530,0.678
9531,0.384
9532,0.378
9533,0.414
9534,0.63
9535,0.504
9536,0.364
9537,0.29
9538,0.468
9539,0.358
9540,0.546
9541,0.43
9542,0.58
9543,0.58
9544,0.29
9545,0.372
9546,0.556
9547,0.386
9548,0.514
9549,0.504
9550,0.388
9551,0.4
9552,0.496
9553,0.438
9554,0.254
9555,0.26
9556,0.344
9557,0.66
9558,0.73
9559,0.56
9560,0.346
9561,0.376
9562,0.288
9563,0.452
9564,0.358
9565,0.312
9566,0.58
9567,0.322
9568,0.402
9569,0.39
9570,0.468
9571,0.742
9572,0.532
9573,0.544
9574,0.332
9575,0.492
9576,0.582
9577,0.592
9578,0.346
9579,0.522
9580,0.53
9581,0.52
9582,0.43
9583,0.332
9584,0.424
9585,0.53
9586,0.52
9587,0.562
9588,0.402
9589,0.426
9590,0.536
9591,0.496
9592,0.624
9593,0.336
9594,0.498
9595,0.388
9596,0.352
9597,0.658
9598,0.48
9599,0.606
9600,0.38
9601,0.486
9602,0.272
9603,0.376
9604,0.64
9605,0.476
9606,0.43
9607,0.626
9608,0.43
9609,0.546
9610,0.686
9611,0.316
9612,0.49
9613,0.542
9614,0.284
9615,0.346
9616,0.52
9617,0.288
9618,0.65
9619,0.396
9620,0.56
9621,0.384
9622,0.356
9623,0.46
9624,0.284
9625,0.556
9626,0.52
9627,0.422
9628,0.616
9629,0.392
9630,0.41
9631,0.276
9632,0.602
9633,0.91
9634,0.664
9635,0.534
9636,0.52
9637,0.662
9638,0.48
9639,0.406
9640,0.652
9641,0.574
9642,0.452
9643,0.498
9644,0.414
9645,0.412
9646,0.448
9647,0.494
9648,0.412
9649,0.738
9650,0.654
9651,0.412
9652,0.598
9653,0.338
9654,0.518
9655,0.536
9656,0.756
9657,0.482
9658,0.408
9659,0.546
9660,0.646
9661,0.574
9662,0.454
9663,0.356
9664,0.934
9665,0.68
9666,0.56
9667,0.638
9668,0.388
9669,0.498
9670,0.57
9671,0.512
9672,0.346
9673,0.446
9674,0.654
9675,0.472
9676,0.552
9677,0.49
9678,0.416
9679,0.674
9680,0.662
9681,0.642
9682,0.516
9683,0.576
9684,0.478
9685,0.288
9686,0.664
9687,0.672
9688,0.644
9689,0.236
9690,0.396
9691,0.62
9692,0.54
9693,0.532
9694,0.546
9695,0.308
9696,0.388
9697,0.688
9698,0.49
9699,0.626
9700,0.268
9701,0.416
9702,0.434
9703,0.614
9704,0.592
9705,0.448
9706,0.326
9707,0.396
9708,0.504
9709,0.47
9710,0.552
9711,0.434
9712,0.588
9713,0.364
9714,0.404
9715,0.474
9716,0.64
9717,0.27
9718,0.538
9719,0.378
9720,0.508
9721,0.34
9722,0.414
9723,0.45
9724,0.334
9725,0.46
9726,0.476
9727,0.518
9728,0.4
9729,0.41
9730,0.412
9731,0.334
9732,0.418
9733,0.418
9734,0.494
9735,0.434
9736,0.596
9737,0.462
9738,0.424
9739,0.384
9740,0.482
9741,0.352
9742,0.314
9743,0.356
9744,0.478
9745,0.578
9746,0.378
9747,0.36
9748,0.464
9749,0.346
9750,0.552
9751,0.466
9752,0.33
9753,0.386
9754,0.466
9755,0.38
9756,0.522
9757,0.39
9758,0.574
9759,0.45
9760,0.374
9761,0.614
9762,0.37
9763,0.394
9764,0.504
9765,0.338
9766,0.36
9767,0.39
9768,0.374
9769,0.584
9770,0.454
9771,0.482
9772,0.388
9773,0.432
9774,0.586
9775,0.444
9776,0.346
9777,0.532
9778,0.442
9779,0.382
9780,0.498
9781,0.526
9782,0.41
9783,0.34
9784,0.324
9785,0.536
9786,0.19
9787,0.446
9788,0.238
9789,0.328
9790,0.356
9791,0.484
9792,0.372
9793,0.442
9794,0.396
9795,0.288
9796,0.472
9797,0.344
9798,0.384
9799,0.6
9800,0.522
9801,0.428
9802,0.39
9803,0.642
9804,0.456
9805,0.456
9806,0.348
9807,0.468
9808,0.386
9809,0.584
9810,0.462
9811,0.676
9812,0.464
9813,0.35
9814,0.326
9815,0.448
9816,0.412
9817,0.412
9818,0.63
9819,0.362
9820,0.358
9821,0.396
9822,0.232
9823,0.434
9824,0.674
9825,0.392
9826,0.404
9827,0.388
9828,0.436
9829,0.482
9830,0.672
9831,0.312
9832,0.336
9833,0.404
9834,0.634
9835,0.402
9836,0.532
9837,0.424
9838,0.45
9839,0.452
9840,0.486
9841,0.346
9842,0.61
9843,0.436
9844,0.554
9845,0.404
9846,0.338
9847,0.498
9848,0.318
9849,0.422
9850,0.522
9851,0.43
9852,0.31
9853,0.524
9854,0.528
9855,0.36
9856,0.506
9857,0.334
9858,0.464
9859,0.396
9860,0.404
9861,0.414
9862,0.392
9863,0.514
9864,0.448
9865,0.434
9866,0.532
9867,0.55
9868,0.566
9869,0.424
9870,0.462
9871,0.394
9872,0.422
9873,0.264
9874,0.47
9875,0.466
9876,0.426
9877,0.52
9878,0.346
9879,0.588
9880,0.56
9881,0.54
9882,0.434
9883,0.608
9884,0.388
9885,0.562
9886,0.428
9887,0.224
9888,0.654
9889,0.486
9890,0.53
9891,0.418
9892,0.628
9893,0.402
9894,0.478
9895,0.356
9896,0.302
9897,0.394
9898,0.52
9899,0.424
9900,0.53
9901,0.396
9902,0.42
9903,0.302
9904,0.342
9905,0.438
9906,0.368
9907,0.444
9908,0.496
9909,0.618
9910,0.262
9911,0.46
9912,0.396
9913,0.42
9914,0.496
9915,0.686
9916,0.532
9917,0.258
9918,0.682
9919,0.678
9920,0.444
9921,0.276
9922,0.454
9923,0.624
9924,0.516
9925,0.312
9926,0.472
9927,0.482
9928,0.508
9929,0.608
9930,0.596
9931,0.634
9932,0.672
9933,0.562
9934,0.624
9935,0.382
9936,0.542
9937,0.61
9938,0.32
9939,0.578
9940,0.53
9941,0.43
9942,0.498
9943,0.536
9944,0.384
9945,0.46
9946,0.71
9947,0.664
9948,0.43
9949,0.658
9950,0.428
9951,0.646
9952,0.408
9953,0.542
9954,0.59
9955,0.37
9956,0.626
9957,0.494
9958,0.602
9959,0.674
9960,0.432
9961,0.388
9962,0.614
9963,0.544
9964,0.416
9965,0.67
9966,0.5
9967,0.552
9968,0.416
9969,0.34
9970,0.308
9971,0.484
9972,0.426
9973,0.37
9974,0.536
9975,0.542
9976,0.32
9977,0.272
9978,0.258
9979,0.444
9980,0.308
9981,0.444
9982,0.428
9983,0.422
9984,0.5
9985,0.59
9986,0.57
9987,0.48
9988,0.452
9989,0.314
9990,0.464
9991,0.394
9992,0.34
9993,0.48
9994,0.548
9995,0.386
9996,0.44
9997,0.372
9998,0.446
9999,0.544
10000,0.36
10001,0.566
10002,0.5
10003,0.458
10004,0.556
10005,0.398
10006,0.586
10007,0.58
10008,0.454
10009,0.446
10010,0.474
10011,0.466
10012,0.388
10013,0.486
10014,0.426
10015,0.376
10016,0.628
10017,0.386
10018,0.498
10019,0.65
10020,0.498
10021,0.39
10022,0.502
10023,0.472
10024,0.432
10025,0.566
10026,0.43
10027,0.46
10028,0.464
10029,0.566
10030,0.336
10031,0.288
10032,0.322
10033,0.36
10034,0.45
10035,0.426
10036,0.746
10037,0.456
10038,0.548
10039,0.452
10040,0.412
10041,0.398
10042,0.288
10043,0.404
10044,0.454
10045,0.552
10046,0.278
10047,0.504
10048,0.494
10049,0.452
10050,0.584
10051,0.384
10052,0.494
10053,0.19
10054,0.544
10055,0.37
10056,0.544
10057,0.494
10058,0.148
10059,0.346
10060,0.446
10061,0.444
10062,0.434
10063,0.422
10064,0.566
10065,0.346
10066,0.38
10067,0.418
10068,0.526
10069,0.596
10070,0.468
10071,0.41
10072,0.436
10073,0.424
10074,0.33
10075,0.366
10076,0.522
10077,0.486
10078,0.376
10079,0.488
10080,0.608
10081,0.482
10082,0.332
10083,0.518
10084,0.472
10085,0.63
10086,0.47
10087,0.394
10088,0.384
10089,0.532
10090,0.408
10091,0.468
10092,0.512
10093,0.418
10094,0.386
10095,0.61
10096,0.418
10097,0.352
10098,0.498
10099,0.41
10100,0.456
10101,0.448
10102,0.336
10103,0.326
10104,0.344
10105,0.476
10106,0.632
10107,0.422
10108,0.362
10109,0.426
10110,0.566
10111,0.55
10112,0.514
10113,0.49
10114,0.544
10115,0.424
10116,0.476
10117,0.362
10118,0.322
10119,0.206
10120,0.518
10121,0.396
10122,0.452
10123,0.502
10124,0.612
10125,0.478
10126,0.29
10127,0.542
10128,0.326
10129,0.42
10130,0.494
10131,0.552
10132,0.474
10133,0.476
10134,0.258
10135,0.458
10136,0.61
10137,0.356
10138,0.456
10139,0.4
10140,0.36
10141,0.568
10142,0.35
10143,0.534
10144,0.5
10145,0.428
10146,0.47
10147,0.37
10148,0.388
10149,0.39
10150,0.456
10151,0.614
10152,0.528
10153,0.46
10154,0.652
10155,0.412
10156,0.536
10157,0.464
10158,0.622
10159,0.51
10160,0.416
10161,0.56
10162,0.352
10163,0.418
10164,0.402
10165,0.412
10166,0.574
10167,0.414
10168,0.444
10169,0.324
10170,0.556
10171,0.348
10172,0.448
10173,0.668
10174,0.276
10175,0.432
10176,0.252
10177,0.44
10178,0.478
10179,0.62
10180,0.486
10181,0.534
10182,0.356
10183,0.438
10184,0.554
10185,0.534
10186,0.508
10187,0.524
10188,0.666
10189,0.606
10190,0.598
10191,0.328
10192,0.336
10193,0.55
10194,0.674
10195,0.576
10196,0.474
10197,0.42
10198,0.542
10199,0.45
10200,0.552
10201,0.526
10202,0.444
10203,0.54
10204,0.5
10205,0.66
10206,0.474
10207,0.62
10208,0.676
10209,0.632
10210,0.714
10211,0.628
10212,0.242
10213,0.514
10214,0.484
10215,0.48
10216,0.474
10217,0.488
10218,0.474
10219,0.522
10220,0.462
10221,0.41
10222,0.522
10223,0.516
10224,0.474
10225,0.668
10226,0.562
10227,0.516
10228,0.388
10229,0.682
10230,0.328
10231,0.418
10232,0.358
10233,0.332
10234,0.284
10235,0.422
10236,0.464
10237,0.512
10238,0.196
10239,0.546
10240,0.374
10241,0.368
10242,0.526
10243,0.518
10244,0.38
10245,0.578
10246,0.414
10247,0.422
10248,0.464
10249,0.522
10250,0.396
10251,0.44
10252,0.476
10253,0.382
10254,0.422
10255,0.392
10256,0.438
10257,0.42
10258,0.504
10259,0.496
10260,0.442
10261,0.502
10262,0.346
10263,0.516
10264,0.426
10265,0.358
10266,0.578
10267,0.414
10268,0.44
10269,0.41
10270,0.408
10271,0.394
10272,0.51
10273,0.49
10274,0.41
10275,0.338
10276,0.406
10277,0.546
10278,0.502
10279,0.614
10280,0.402
10281,0.57
10282,0.508
10283,0.504
10284,0.418
10285,0.296
10286,0.538
10287,0.412
10288,0.392
10289,0.47
10290,0.444
10291,0.54
10292,0.378
10293,0.356
10294,0.442
10295,0.52
10296,0.578
10297,0.534
10298,0.4
10299,0.57
10300,0.402
10301,0.36
10302,0.44
10303,0.334
10304,0.458
10305,0.434
10306,0.488
10307,0.332
10308,0.374
10309,0.494
10310,0.416
10311,0.48
10312,0.218
10313,0.512
10314,0.448
10315,0.324
10316,0.354
10317,0.472
10318,0.736
10319,0.438
10320,0.546
10321,0.622
10322,0.426
10323,0.454
10324,0.526
10325,0.258
10326,0.494
10327,0.248
10328,0.242
10329,0.384
10330,0.332
10331,0.328
10332,0.45
10333,0.306
10334,0.346
10335,0.438
10336,0.428
10337,0.426
10338,0.54
10339,0.596
10340,0.416
10341,0.476
10342,0.436
10343,0.382
10344,0.462
10345,0.418
10346,0.576
10347,0.412
10348,0.634
10349,0.368
10350,0.368
10351,0.62
10352,0.384
10353,0.374
10354,0.43
10355,0.456
10356,0.37
10357,0.582
10358,0.384
10359,0.39
10360,0.356
10361,0.544
10362,0.456
10363,0.648
10364,0.334
10365,0.412
10366,0.462
10367,0.414
10368,0.586
10369,0.316
10370,0.438
10371,0.49
10372,0.36
10373,0.516
10374,0.254
10375,0.322
10376,0.556
10377,0.42
10378,0.448
10379,0.316
10380,0.3
10381,0.41
10382,0.458
10383,0.558
10384,0.454
10385,0.48
10386,0.464
10387,0.414
10388,0.294
10389,0.59
10390,0.3
10391,0.344
10392,0.326
10393,0.488
10394,0.474
10395,0.462
10396,0.326
10397,0.486
10398,0.626
10399,0.362
10400,0.384
10401,0.584
10402,0.348
10403,0.348
10404,0.424
10405,0.648
10406,0.436
10407,0.492
10408,0.426
10409,0.372
10410,0.532
10411,0.504
10412,0.4
10413,0.232
10414,0.59
10415,0.422
10416,0.406
10417,0.418
10418,0.792
10419,0.616
10420,0.486
10421,0.418
10422,0.51
10423,0.58
10424,0.486
10425,0.528
10426,0.566
10427,0.472
10428,0.52
10429,0.458
10430,0.374
10431,0.422
10432,0.43
10433,0.54
10434,0.342
10435,0.468
10436,0.37
10437,0.494
10438,0.176
10439,0.218
10440,0.514
10441,0.44
10442,0.454
10443,0.426
10444,0.604
10445,0.424
10446,0.466
10447,0.398
10448,0.494
10449,0.33
10450,0.662
10451,0.494
10452,0.534
10453,0.57
10454,0.566
10455,0.396
10456,0.624
10457,0.684
10458,0.514
10459,0.596
10460,0.652
10461,0.502
10462,0.488
10463,0.432
10464,0.43
10465,0.692
10466,0.476
10467,0.45
10468,0.524
10469,0.546
10470,0.716
10471,0.654
10472,0.532
10473,0.58
10474,0.578
10475,0.658
10476,0.644
10477,0.44
10478,0.628
10479,0.606
10480,0.572
10481,0.604
10482,0.526
10483,0.604
10484,0.558
10485,0.722
10486,0.484
10487,0.71
10488,0.576
10489,0.486
10490,0.512
10491,0.448
10492,0.346
10493,0.218
10494,0.438
10495,0.29
10496,0.466
10497,0.336
10498,0.33
10499,0.598
10500,0.56
10501,0.454
10502,0.514
10503,0.492
10504,0.42
10505,0.584
10506,0.4
10507,0.482
10508,0.468
10509,0.462
10510,0.392
10511,0.556
10512,0.366
10513,0.356
10514,0.458
10515,0.298
10516,0.49
10517,0.538
10518,0.66
10519,0.512
10520,0.396
10521,0.4
10522,0.448
10523,0.564
10524,0.466
10525,0.488
10526,0.286
10527,0.314
10528,0.416
10529,0.424
10530,0.15
10531,0.446
10532,0.444
10533,0.46
10534,0.454
10535,0.534
10536,0.49
10537,0.394
10538,0.422
10539,0.478
10540,0.38
10541,0.42
10542,0.28
10543,0.512
10544,0.404
10545,0.498
10546,0.57
10547,0.452
10548,0.552
10549,0.52
10550,0.536
10551,0.484
10552,0.51
10553,0.496
10554,0.548
10555,0.576
10556,0.468
10557,0.564
10558,0.576
10559,0.492
10560,0.374
10561,0.452
10562,0.346
10563,0.422
10564,0.432
10565,0.47
10566,0.372
10567,0.312
10568,0.316
10569,0.426
10570,0.354
10571,0.388
10572,0.26
10573,0.196
10574,0.274
10575,0.23
10576,0.322
10577,0.37
10578,0.306
10579,0.394
10580,0.398
10581,0.532
10582,0.58
10583,0.574
10584,0.432
10585,0.5
10586,0.502
10587,0.508
10588,0.418
10589,0.342
10590,0.462
10591,0.518
10592,0.32
10593,0.472
10594,0.326
10595,0.316
10596,0.412
10597,0.516
10598,0.41
10599,0.308
10600,0.338
10601,0.414
10602,0.54
10603,0.332
10604,0.376
10605,0.33
10606,0.522
10607,0.434
10608,0.546
10609,0.352
10610,0.542
10611,0.502
10612,0.434
10613,0.648
10614,0.49
10615,0.374
10616,0.314
10617,0.492
10618,0.46
10619,0.51
10620,0.48
10621,0.438
10622,0.486
10623,0.388
10624,0.716
10625,0.538
10626,0.354
10627,0.378
10628,0.404
10629,0.604
10630,0.42
10631,0.246
10632,0.434
10633,0.336
10634,0.344
10635,0.436
10636,0.304
10637,0.558
10638,0.598
10639,0.378
10640,0.444
10641,0.374
10642,0.26
10643,0.42
10644,0.464
10645,0.41
10646,0.39
10647,0.45
10648,0.332
10649,0.222
10650,0.508
10651,0.522
10652,0.348
10653,0.438
10654,0.404
10655,0.308
10656,0.448
10657,0.59
10658,0.53
10659,0.464
10660,0.47
10661,0.456
10662,0.412
10663,0.426
10664,0.468
10665,0.47
10666,0.5
10667,0.428
10668,0.386
10669,0.398
10670,0.554
10671,0.48
10672,0.592
10673,0.5
10674,0.504
10675,0.462
10676,0.454
10677,0.388
10678,0.4
10679,0.406
10680,0.44
10681,0.462
10682,0.468
10683,0.592
10684,0.472
10685,0.344
10686,0.436
10687,0.524
10688,0.49
10689,0.464
10690,0.47
10691,0.562
10692,0.358
10693,0.454
10694,0.45
10695,0.446
10696,0.458
10697,0.514
10698,0.396
10699,0.46
10700,0.566
10701,0.59
10702,0.596
10703,0.372
10704,0.426
10705,0.558
10706,0.508
10707,0.466
10708,0.652
10709,0.34
10710,0.488
10711,0.632
10712,0.548
10713,0.378
10714,0.664
10715,0.508
10716,0.576
10717,0.718
10718,0.602
10719,0.526
10720,0.7
10721,0.446
10722,0.594
10723,0.73
10724,0.674
10725,0.65
10726,0.556
10727,0.624
10728,0.706
10729,0.49
10730,0.47
10731,0.6
10732,0.496
10733,0.406
10734,0.71
10735,0.478
10736,0.546
10737,0.346
10738,0.596
10739,0.68
10740,0.55
10741,0.77
10742,0.564
10743,0.61
10744,0.54
10745,0.676
10746,0.628
10747,0.708
10748,0.516
10749,0.368
10750,0.818
10751,0.656
10752,0.512
10753,0.642
10754,0.494
10755,0.424
10756,0.39
10757,0.692
10758,0.54
10759,0.506
10760,0.324
10761,0.576
10762,0.512
10763,0.368
10764,0.63
10765,0.622
10766,0.6
10767,0.426
10768,0.68
10769,0.438
10770,0.576
10771,0.644
10772,0.512
10773,0.674
10774,0.626
10775,0.616
10776,0.758
10777,0.64
10778,0.464
10779,0.438
10780,0.486
10781,0.682
10782,0.694
10783,0.656
10784,0.454
10785,0.742
10786,0.602
10787,0.604
10788,0.976
10789,0.492
10790,0.734
10791,0.626
10792,0.41
10793,0.66
10794,0.51
10795,0.516
10796,0.43
10797,0.67
10798,0.584
10799,0.402
10800,0.538
10801,0.376
10802,0.464
10803,0.486
10804,0.42
10805,0.328
10806,0.226
10807,0.518
10808,0.456
10809,0.556
10810,0.564
10811,0.484
10812,0.434
10813,0.362
10814,0.588
10815,0.426
10816,0.464
10817,0.448
10818,0.366
10819,0.578
10820,0.442
10821,0.39
10822,0.362
10823,0.478
10824,0.356
10825,0.602
10826,0.514
10827,0.446
10828,0.412
10829,0.47
10830,0.498
10831,0.356
10832,0.424
10833,0.484
10834,0.524
10835,0.446
10836,0.428
10837,0.504
10838,0.368
10839,0.338
10840,0.502
10841,0.336
10842,0.442
10843,0.31
10844,0.324
10845,0.506
10846,0.496
10847,0.334
10848,0.404
10849,0.312
10850,0.48
10851,0.464
10852,0.378
10853,0.49
10854,0.562
10855,0.434
10856,0.26
10857,0.348
10858,0.536
10859,0.358
10860,0.58
10861,0.536
10862,0.346
10863,0.502
10864,0.46
10865,0.614
10866,0.408
10867,0.422
10868,0.446
10869,0.38
10870,0.55
10871,0.216
10872,0.37
10873,0.528
10874,0.22
10875,0.284
10876,0.534
10877,0.348
10878,0.412
10879,0.336
10880,0.398
10881,0.42
10882,0.354
10883,0.602
10884,0.494
10885,0.61
10886,0.588
10887,0.418
10888,0.404
10889,0.518
10890,0.416
10891,0.676
10892,0.368
10893,0.394
10894,0.578
10895,0.654
10896,0.47
10897,0.326
10898,0.464
10899,0.442
10900,0.622
10901,0.462
10902,0.392
10903,0.572
10904,0.508
10905,0.506
10906,0.508
10907,0.492
10908,0.538
10909,0.396
10910,0.452
10911,0.496
10912,0.37
10913,0.544
10914,0.22
10915,0.5
10916,0.37
10917,0.528
10918,0.582
10919,0.614
10920,0.652
10921,0.486
10922,0.434
10923,0.54
10924,0.646
10925,0.72
10926,0.37
10927,0.658
10928,0.766
10929,0.61
10930,0.482
10931,0.674
10932,0.324
10933,0.416
10934,0.648
10935,0.384
10936,0.57
10937,0.356
10938,0.474
10939,0.604
10940,0.504
10941,0.712
10942,0.646
10943,0.68
10944,0.348
10945,0.384
10946,0.558
10947,0.394
10948,0.514
10949,0.426
10950,0.876
10951,0.55
10952,0.574
10953,0.55
10954,0.596
10955,0.398
10956,0.38
10957,0.612
10958,0.442
10959,0.524
10960,0.286
10961,0.612
10962,0.508
10963,0.548
10964,0.53
10965,0.35
10966,0.582
10967,0.36
10968,0.41
10969,0.64
10970,0.432
10971,0.472
10972,0.386
10973,0.462
10974,0.416
10975,0.556
10976,0.51
10977,0.6
10978,0.576
10979,0.69
10980,0.476
10981,0.626
10982,0.556
10983,0.414
10984,0.568
10985,0.492
10986,0.468
10987,0.488
10988,0.55
10989,0.764
10990,0.55
10991,0.644
10992,0.56
10993,0.508
10994,0.57
10995,0.764
10996,0.506
10997,0.568
10998,0.682
10999,0.698
